time,frequency,confidence
0.000,44.106,0.000
0.020,45.278,0.001
0.040,46.263,0.004
0.060,47.423,0.008
0.080,48.199,0.014
0.100,48.932,0.021
0.120,49.286,0.030
0.140,49.431,0.038
0.160,39.096,0.049
0.180,40.459,0.060
0.200,44.805,0.072
0.220,47.189,0.083
0.240,48.562,0.096
0.260,42.577,0.108
0.280,47.233,0.121
0.300,49.975,0.133
0.320,48.037,0.145
0.340,51.409,0.158
0.360,48.159,0.171
0.380,73.291,0.186
0.400,234.312,0.200
0.420,229.241,0.215
0.440,118.808,0.230
0.460,118.807,0.245
0.480,116.541,0.259
0.500,116.541,0.273
0.520,70.643,0.286
0.540,49.952,0.299
0.560,1629.540,0.310
0.580,110.000,0.321
0.600,48.999,0.332
0.620,58.270,0.341
0.640,58.270,0.350
0.660,1396.909,0.358
0.680,51.279,0.366
0.700,50.923,0.373
0.720,57.159,0.379
0.740,121.116,0.385
0.760,135.948,0.472
0.780,135.949,0.585
0.800,135.158,0.672
0.820,133.356,0.739
0.840,135.948,0.791
0.860,138.898,0.830
0.880,141.189,0.862
0.900,135.948,0.889
0.920,135.948,0.909
0.940,133.356,0.923
0.960,130.813,0.930
0.980,130.813,0.933
1.000,128.318,0.932
1.020,128.318,0.927
1.040,128.318,0.919
1.060,128.318,0.909
1.080,128.318,0.895
1.100,128.318,0.878
1.120,130.813,0.858
1.140,133.356,0.866
1.160,135.948,0.881
1.180,135.948,0.901
1.200,135.948,0.919
1.220,135.948,0.930
1.240,135.948,0.933
1.260,138.591,0.931
1.280,135.948,0.924
1.300,135.951,0.911
1.320,138.591,0.892
1.340,145.884,0.868
1.360,149.530,0.840
1.380,149.687,0.855
1.400,152.597,0.866
1.420,152.597,0.871
1.440,152.597,0.871
1.460,149.687,0.867
1.480,149.687,0.857
1.500,149.687,0.842
1.520,149.687,0.822
1.540,149.687,0.795
1.560,149.686,0.761
1.580,184.997,0.774
1.600,199.497,0.835
1.620,199.808,0.878
1.640,199.048,0.908
1.660,195.998,0.936
1.680,192.295,0.952
1.700,192.260,0.956
1.720,192.260,0.952
1.740,188.594,0.964
1.760,188.594,0.970
1.780,184.998,0.970
1.800,188.452,0.966
1.820,188.594,0.957
1.840,188.594,0.941
1.860,192.260,0.949
1.880,192.260,0.958
1.900,192.260,0.962
1.920,192.260,0.963
1.940,192.260,0.964
1.960,192.260,0.964
1.980,192.260,0.964
2.000,192.260,0.963
2.020,188.594,0.961
2.040,188.658,0.960
2.060,192.260,0.958
2.080,192.260,0.954
2.100,192.260,0.946
2.120,192.564,0.934
2.140,195.998,0.945
2.160,195.998,0.950
2.180,195.998,0.949
2.200,195.998,0.942
2.220,195.998,0.929
2.240,195.998,0.910
2.260,195.998,0.883
2.280,192.260,0.846
2.300,184.997,0.799
2.320,184.983,0.739
2.340,184.997,0.664
2.360,184.997,0.584
2.380,178.009,0.553
2.400,182.710,0.557
2.420,178.009,0.568
2.440,164.814,0.577
2.460,168.018,0.586
2.480,170.843,0.593
2.500,168.601,0.600
2.520,168.018,0.607
2.540,174.502,0.612
2.560,168.018,0.617
2.580,179.877,0.621
2.600,57.157,0.625
2.620,118.807,0.629
2.640,120.589,0.632
2.660,118.807,0.671
2.680,120.296,0.724
2.700,123.455,0.766
2.720,123.471,0.798
2.740,121.116,0.822
2.760,121.116,0.841
2.780,121.116,0.855
2.800,118.807,0.864
2.820,118.807,0.867
2.840,121.116,0.866
2.860,121.116,0.861
2.880,123.432,0.850
2.900,128.317,0.845
2.920,130.813,0.855
2.940,133.356,0.872
2.960,135.590,0.882
2.980,135.948,0.884
3.000,135.948,0.883
3.020,135.948,0.914
3.040,138.591,0.913
3.060,138.591,0.888
3.080,138.591,0.871
3.100,138.591,0.852
3.120,135.951,0.826
3.140,138.591,0.793
3.160,441.651,0.753
3.180,168.018,0.762
3.200,168.019,0.814
3.220,174.614,0.851
3.240,174.614,0.876
3.260,174.614,0.889
3.280,174.614,0.894
3.300,174.614,0.893
3.320,171.284,0.883
3.340,171.284,0.863
3.360,171.284,0.834
3.380,174.614,0.794
3.400,200.699,0.766
3.420,207.652,0.820
3.440,211.689,0.865
3.460,220.000,0.909
3.480,228.637,0.937
3.500,233.082,0.962
3.520,233.082,0.972
3.540,233.082,0.967
3.560,228.637,0.974
3.580,228.637,0.978
3.600,228.637,0.971
3.620,228.637,0.955
3.640,224.277,0.966
3.660,224.277,0.970
3.680,224.277,0.969
3.700,224.277,0.966
3.720,224.277,0.959
3.740,224.277,0.943
3.760,224.277,0.917
3.780,228.637,0.906
3.800,233.082,0.914
3.820,233.082,0.924
3.840,237.613,0.928
3.860,237.613,0.934
3.880,233.082,0.940
3.900,228.637,0.940
3.920,233.080,0.938
3.940,233.082,0.940
3.960,231.991,0.944
3.980,233.082,0.947
4.000,233.082,0.944
4.020,232.287,0.932
4.040,233.082,0.910
4.060,228.637,0.880
4.080,228.637,0.837
4.100,228.637,0.771
4.120,203.173,0.699
4.140,228.639,0.629
4.160,199.863,0.569
4.180,233.082,0.561
4.200,237.599,0.549
4.220,116.537,0.533
4.240,112.138,0.522
4.260,110.017,0.515
4.280,110.000,0.507
4.300,110.000,0.498
4.320,224.277,0.492
4.340,220.000,0.481
4.360,220.000,0.462
4.380,224.277,0.458
4.400,236.569,0.453
4.420,242.233,0.447
4.440,53.951,0.440
4.460,237.614,0.433
4.480,242.278,0.426
4.500,253.845,0.419
4.520,242.935,0.412
4.540,242.233,0.407
4.560,47.149,0.403
4.580,118.807,0.400
4.600,116.541,0.399
4.620,130.813,0.474
4.640,130.813,0.567
4.660,128.318,0.643
4.680,125.871,0.703
4.700,128.318,0.751
4.720,130.813,0.789
4.740,130.732,0.820
4.760,128.318,0.844
4.780,125.871,0.863
4.800,125.871,0.876
4.820,123.471,0.883
4.840,125.871,0.885
4.860,125.871,0.882
4.880,128.318,0.873
4.900,128.318,0.858
4.920,125.871,0.836
4.940,118.806,0.815
4.960,114.319,0.825
4.980,114.319,0.829
5.000,114.319,0.827
5.020,114.319,0.825
5.040,112.138,0.822
5.060,112.138,0.816
5.080,112.138,0.805
5.100,114.319,0.791
5.120,125.871,0.789
5.140,124.220,0.818
5.160,123.471,0.838
5.180,123.471,0.851
5.200,123.471,0.859
5.220,123.471,0.861
5.240,125.871,0.859
5.260,125.871,0.850
5.280,125.871,0.836
5.300,125.871,0.815
5.320,125.874,0.788
5.340,128.318,0.753
5.360,143.965,0.766
5.380,144.032,0.797
5.400,144.091,0.827
5.420,144.032,0.848
5.440,144.032,0.865
5.460,141.286,0.879
5.480,138.591,0.885
5.500,135.948,0.883
5.520,135.948,0.877
5.540,138.591,0.868
5.560,141.286,0.854
5.580,146.832,0.871
5.600,146.837,0.890
5.620,146.832,0.900
5.640,144.032,0.904
5.660,141.286,0.905
5.680,141.286,0.904
5.700,141.286,0.903
5.720,141.286,0.902
5.740,144.032,0.903
5.760,144.032,0.905
5.780,144.032,0.906
5.800,144.032,0.905
5.820,146.809,0.902
5.840,146.832,0.896
5.860,144.032,0.886
5.880,141.295,0.873
5.900,144.032,0.876
5.920,141.286,0.870
5.940,141.286,0.854
5.960,138.591,0.845
5.980,138.470,0.844
6.000,135.948,0.842
6.020,142.256,0.842
6.040,146.832,0.846
6.060,141.286,0.855
6.080,138.591,0.865
6.100,138.591,0.873
6.120,138.591,0.878
6.140,138.591,0.878
6.160,138.591,0.889
6.180,141.286,0.896
6.200,141.286,0.901
6.220,144.032,0.903
6.240,144.032,0.902
6.260,144.032,0.899
6.280,144.032,0.895
6.300,144.032,0.890
6.320,143.848,0.882
6.340,141.286,0.872
6.360,141.286,0.859
6.380,144.032,0.842
6.400,144.032,0.819
6.420,171.005,0.794
6.440,171.959,0.837
6.460,174.614,0.867
6.480,178.009,0.888
6.500,178.009,0.907
6.520,181.469,0.915
6.540,181.469,0.912
6.560,178.009,0.898
6.580,178.009,0.890
6.600,171.284,0.872
6.620,171.284,0.843
6.640,171.284,0.822
6.660,177.986,0.789
6.680,415.305,0.756
6.700,181.469,0.771
6.720,171.355,0.795
6.740,181.469,0.814
6.760,181.469,0.846
6.780,178.009,0.873
6.800,174.614,0.892
6.820,171.284,0.901
6.840,168.018,0.899
6.860,171.284,0.890
6.880,171.484,0.886
6.900,178.009,0.908
6.920,181.469,0.929
6.940,181.469,0.945
6.960,184.997,0.954
6.980,181.469,0.956
7.000,181.469,0.951
7.020,181.469,0.944
7.040,178.009,0.938
7.060,178.009,0.937
7.080,181.469,0.940
7.100,181.469,0.943
7.120,184.997,0.944
7.140,184.997,0.941
7.160,181.469,0.936
7.180,178.009,0.927
7.200,178.009,0.914
7.220,181.469,0.893
7.240,184.997,0.869
7.260,188.593,0.891
7.280,188.594,0.910
7.300,188.594,0.916
7.320,188.594,0.910
7.340,185.038,0.892
7.360,184.997,0.863
7.380,184.123,0.822
7.400,177.543,0.768
7.420,184.997,0.701
7.440,181.469,0.641
7.460,184.997,0.609
7.480,181.469,0.573
7.500,184.997,0.558
7.520,181.469,0.565
7.540,181.469,0.574
7.560,187.433,0.578
7.580,181.469,0.573
7.600,174.614,0.557
7.620,178.008,0.529
7.640,174.614,0.501
7.660,177.968,0.517
7.680,792.030,0.532
7.700,42.004,0.545
7.720,42.004,0.558
7.740,42.004,0.569
7.760,41.917,0.580
7.780,45.367,0.589
7.800,45.367,0.598
7.820,46.249,0.606
7.840,110.081,0.613
7.860,107.902,0.618
7.880,53.951,0.624
7.900,114.357,0.629
7.920,114.305,0.634
7.940,38.149,0.639
7.960,181.469,0.643
7.980,181.470,0.661
8.000,178.009,0.742
8.020,177.989,0.799
8.040,174.614,0.835
8.060,174.644,0.860
8.080,178.009,0.876
8.100,174.614,0.898
8.120,168.018,0.909
8.140,164.814,0.911
8.160,164.814,0.903
8.180,168.018,0.886
8.200,171.284,0.878
8.220,178.009,0.891
8.240,178.009,0.905
8.260,178.009,0.915
8.280,178.009,0.920
8.300,178.009,0.917
8.320,178.009,0.910
8.340,178.009,0.899
8.360,178.009,0.882
8.380,177.848,0.858
8.400,174.606,0.827
8.420,161.688,0.790
8.440,178.009,0.756
8.460,164.816,0.784
8.480,149.685,0.818
8.500,146.832,0.845
8.520,146.832,0.864
8.540,144.032,0.878
8.560,144.030,0.887
8.580,141.286,0.890
8.600,141.286,0.887
8.620,144.032,0.878
8.640,144.032,0.864
8.660,144.032,0.845
8.680,135.948,0.818
8.700,133.356,0.786
8.720,118.807,0.776
8.740,118.807,0.795
8.760,116.541,0.809
8.780,116.541,0.818
8.800,116.541,0.822
8.820,116.541,0.823
8.840,116.541,0.819
8.860,118.807,0.815
8.880,118.807,0.811
8.900,121.116,0.805
8.920,121.116,0.801
8.940,123.471,0.809
8.960,123.471,0.815
8.980,125.511,0.817
9.000,125.871,0.816
9.020,125.864,0.813
9.040,123.471,0.810
9.060,123.471,0.807
9.080,121.116,0.805
9.100,121.116,0.803
9.120,121.116,0.801
9.140,123.471,0.797
9.160,123.471,0.792
9.180,125.871,0.786
9.200,125.871,0.798
9.220,125.871,0.802
9.240,125.871,0.800
9.260,123.471,0.793
9.280,123.471,0.780
9.300,121.116,0.764
9.320,121.116,0.744
9.340,118.807,0.720
9.360,118.807,0.691
9.380,116.541,0.674
9.400,118.807,0.657
9.420,118.807,0.660
9.440,121.060,0.666
9.460,109.898,0.669
9.480,107.909,0.667
9.500,203.692,0.749
9.520,207.652,0.816
9.540,211.689,0.871
9.560,211.689,0.911
9.580,215.805,0.937
9.600,220.000,0.953
9.620,215.805,0.960
9.640,215.805,0.963
9.660,215.805,0.967
9.680,215.805,0.968
9.700,215.805,0.963
9.720,220.000,0.948
9.740,224.277,0.937
9.760,228.637,0.923
9.780,237.613,0.955
9.800,237.613,0.962
9.820,235.256,0.960
9.840,228.637,0.967
9.860,224.277,0.968
9.880,228.637,0.960
9.900,233.082,0.940
9.920,237.613,0.958
9.940,237.613,0.974
9.960,237.613,0.979
9.980,237.613,0.982
10.000,237.613,0.982
10.020,237.613,0.976
10.040,237.613,0.966
10.060,242.231,0.969
10.080,242.233,0.960
10.100,242.233,0.937
10.120,220.000,0.898
10.140,219.999,0.839
10.160,207.653,0.805
10.180,210.136,0.830
10.200,215.805,0.870
10.220,215.805,0.904
10.240,220.000,0.933
10.260,215.805,0.949
10.280,215.805,0.956
10.300,211.689,0.952
10.320,211.689,0.936
10.340,211.689,0.907
10.360,211.689,0.863
10.380,215.805,0.818
10.400,220.000,0.790
10.420,220.000,0.792
10.440,215.805,0.835
10.460,211.699,0.884
10.480,211.689,0.917
10.500,211.689,0.939
10.520,211.689,0.953
10.540,211.689,0.959
10.560,211.689,0.958
10.580,211.689,0.951
10.600,211.689,0.942
10.620,215.805,0.957
10.640,215.805,0.963
10.660,215.805,0.959
10.680,215.804,0.960
10.700,211.689,0.970
10.720,211.689,0.972
10.740,211.689,0.965
10.760,211.689,0.948
10.780,211.689,0.925
10.800,219.536,0.908
10.820,224.277,0.937
10.840,228.637,0.955
10.860,224.277,0.957
10.880,220.000,0.944
10.900,220.000,0.941
10.920,215.805,0.929
10.940,215.805,0.903
10.960,211.689,0.872
10.980,208.426,0.819
11.000,211.689,0.756
11.020,215.805,0.740
11.040,220.000,0.717
11.060,219.506,0.716
11.080,215.805,0.725
11.100,211.689,0.724
11.120,211.689,0.713
11.140,196.000,0.690
11.160,199.393,0.663
11.180,192.247,0.644
11.200,184.999,0.615
11.220,178.009,0.578
11.240,46.249,0.543
11.260,92.499,0.530
11.280,90.735,0.524
11.300,89.004,0.519
11.320,90.735,0.514
11.340,90.718,0.506
11.360,89.004,0.495
11.380,91.037,0.481
11.400,174.650,0.462
11.420,178.009,0.470
11.440,174.975,0.482
11.460,45.367,0.492
11.480,45.367,0.502
11.500,46.249,0.511
11.520,46.249,0.520
11.540,46.249,0.530
11.560,46.249,0.540
11.580,47.149,0.548
11.600,45.380,0.556
11.620,46.249,0.562
11.640,49.695,0.568
11.660,48.999,0.574
11.680,49.952,0.579
11.700,49.936,0.584
11.720,228.637,0.587
11.740,228.637,0.590
11.760,233.082,0.668
11.780,242.132,0.760
11.800,242.233,0.822
11.820,242.233,0.863
11.840,242.233,0.889
11.860,242.233,0.904
11.880,242.233,0.910
11.900,242.233,0.910
11.920,242.233,0.900
11.940,242.233,0.891
11.960,242.233,0.899
11.980,237.613,0.901
12.000,233.082,0.904
12.020,237.613,0.907
12.040,237.613,0.911
12.060,237.612,0.928
12.080,233.082,0.933
12.100,233.082,0.903
12.120,228.637,0.894
12.140,224.277,0.907
12.160,220.000,0.910
12.180,220.000,0.921
12.200,215.805,0.914
12.220,215.805,0.914
12.240,211.689,0.937
12.260,207.652,0.939
12.280,203.728,0.930
12.300,203.692,0.903
12.320,203.692,0.898
12.340,203.692,0.830
12.360,207.652,0.795
12.380,237.613,0.777
12.400,242.233,0.781
12.420,317.175,0.717
12.440,210.377,0.736
12.460,207.652,0.780
12.480,203.692,0.817
12.500,199.808,0.837
12.520,195.998,0.844
12.540,195.998,0.845
12.560,192.260,0.835
12.580,188.594,0.806
12.600,188.594,0.763
12.620,146.832,0.772
12.640,146.832,0.799
12.660,145.441,0.822
12.680,144.032,0.843
12.700,144.032,0.858
12.720,141.286,0.869
12.740,143.758,0.845
12.760,144.032,0.835
12.780,144.032,0.818
12.800,144.038,0.794
12.820,199.808,0.764
12.840,168.018,0.782
12.860,168.018,0.823
12.880,171.284,0.854
12.900,168.018,0.877
12.920,168.018,0.891
12.940,168.018,0.896
12.960,168.018,0.893
12.980,168.018,0.881
13.000,168.018,0.861
13.020,168.018,0.830
13.040,168.017,0.789
13.060,164.814,0.744
13.080,215.805,0.802
13.100,220.000,0.865
13.120,220.000,0.910
13.140,220.000,0.940
13.160,220.000,0.955
13.180,220.000,0.954
13.200,220.000,0.947
13.220,215.805,0.952
13.240,211.689,0.948
13.260,211.689,0.943
13.280,211.741,0.941
13.300,215.805,0.943
13.320,215.805,0.942
13.340,220.000,0.937
13.360,220.000,0.933
13.380,220.000,0.933
13.400,215.805,0.932
13.420,215.805,0.930
13.440,215.805,0.933
13.460,220.000,0.940
13.480,220.000,0.948
13.500,220.000,0.953
13.520,220.000,0.955
13.540,220.000,0.953
13.560,220.000,0.948
13.580,220.000,0.946
13.600,215.805,0.947
13.620,215.805,0.942
13.640,215.805,0.939
13.660,220.000,0.944
13.680,219.972,0.945
13.700,220.000,0.940
13.720,220.000,0.929
13.740,224.277,0.909
13.760,224.277,0.882
13.780,220.000,0.841
13.800,211.721,0.784
13.820,203.694,0.738
13.840,211.082,0.693
13.860,215.471,0.649
13.880,215.805,0.614
13.900,220.000,0.616
13.920,55.000,0.615
13.940,220.000,0.612
13.960,215.805,0.607
13.980,215.805,0.600
14.000,215.805,0.590
14.020,220.000,0.581
14.040,220.000,0.571
14.060,220.000,0.560
14.080,220.000,0.542
14.100,223.830,0.528
14.120,223.982,0.531
14.140,53.948,0.533
14.160,53.146,0.535
14.180,53.950,0.537
14.200,55.000,0.539
14.220,55.000,0.541
14.240,55.000,0.543
14.260,53.951,0.545
14.280,53.993,0.547
14.300,53.951,0.550
14.320,53.950,0.552
14.340,53.265,0.554
14.360,53.951,0.557
14.380,54.350,0.559
14.400,55.000,0.561
14.420,55.000,0.562
14.440,55.000,0.564
14.460,55.000,0.565
14.480,55.000,0.565
14.500,55.000,0.565
14.520,55.000,0.565
14.540,56.069,0.564
14.560,56.069,0.563
14.580,219.998,0.561
14.600,203.750,0.559
14.620,188.732,0.557
14.640,195.998,0.555
14.660,187.984,0.553
14.680,60.540,0.551
14.700,59.416,0.549
14.720,59.403,0.547
14.740,55.000,0.544
14.760,55.461,0.542
14.780,55.001,0.538
14.800,55.000,0.535
14.820,55.000,0.532
14.840,55.000,0.527
14.860,56.072,0.523
14.880,46.249,0.517
14.900,135.950,0.511
14.920,138.591,0.558
14.940,141.191,0.634
14.960,149.687,0.696
14.980,138.591,0.746
15.000,138.592,0.785
15.020,141.286,0.815
15.040,138.591,0.840
15.060,138.591,0.879
15.080,138.591,0.886
15.100,138.591,0.882
15.120,141.286,0.884
15.140,141.286,0.880
15.160,144.032,0.870
15.180,144.032,0.854
15.200,146.832,0.847
15.220,149.687,0.837
15.240,152.597,0.886
15.260,155.563,0.895
15.280,155.563,0.869
15.300,152.597,0.875
15.320,152.597,0.859
15.340,155.563,0.818
15.360,155.563,0.793
15.380,155.557,0.761
15.400,184.997,0.729
15.420,184.997,0.780
15.440,184.997,0.825
15.460,188.594,0.890
15.480,184.997,0.904
15.500,181.469,0.870
15.520,181.469,0.872
15.540,181.469,0.873
15.560,178.009,0.874
15.580,178.009,0.864
15.600,178.017,0.843
15.620,184.997,0.812
15.640,224.277,0.770
15.660,224.233,0.798
15.680,220.008,0.854
15.700,224.277,0.892
15.720,224.277,0.913
15.740,220.000,0.926
15.760,215.805,0.934
15.780,215.805,0.925
15.800,211.689,0.942
15.820,207.652,0.946
15.840,207.652,0.938
15.860,211.689,0.915
15.880,215.805,0.915
15.900,220.000,0.923
15.920,220.000,0.930
15.940,220.000,0.927
15.960,220.000,0.921
15.980,215.805,0.917
16.000,215.805,0.904
16.020,215.131,0.909
16.040,214.434,0.912
16.060,215.805,0.908
16.080,211.689,0.900
16.100,211.689,0.888
16.120,211.689,0.870
16.140,211.689,0.842
16.160,211.675,0.802
16.180,211.689,0.748
16.200,211.689,0.676
16.220,215.805,0.591
16.240,215.804,0.490
16.260,168.018,0.394
16.280,168.018,0.387
16.300,168.018,0.443
16.320,215.803,0.485
16.340,219.990,0.515
16.360,171.249,0.534
16.380,171.284,0.539
16.400,171.283,0.531
16.420,199.808,0.508
16.440,203.686,0.470
16.460,215.805,0.411
16.480,168.018,0.319
16.500,155.564,0.237
16.520,50.923,0.244
16.540,50.923,0.254
16.560,146.832,0.264
16.580,149.666,0.271
16.600,149.687,0.318
16.620,399.620,0.418
16.640,399.616,0.448
16.660,144.032,0.393
16.680,146.832,0.484
16.700,144.695,0.586
16.720,146.832,0.667
16.740,141.286,0.730
16.760,144.032,0.774
16.780,144.032,0.808
16.800,144.032,0.832
16.820,144.032,0.846
16.840,146.832,0.863
16.860,146.832,0.872
16.880,149.687,0.875
16.900,152.597,0.871
16.920,152.597,0.861
16.940,138.591,0.851
16.960,138.591,0.842
16.980,141.286,0.830
17.000,144.032,0.815
17.020,174.613,0.831
17.040,174.614,0.857
17.060,174.614,0.874
17.080,171.284,0.881
17.100,171.284,0.877
17.120,174.614,0.866
17.140,174.614,0.846
17.160,178.009,0.820
17.180,181.469,0.789
17.200,187.021,0.760
17.220,215.805,0.814
17.240,207.654,0.856
17.260,207.652,0.885
17.280,207.652,0.901
17.300,203.692,0.904
17.320,203.692,0.896
17.340,203.692,0.898
17.360,199.808,0.887
17.380,195.998,0.863
17.400,195.998,0.831
17.420,195.998,0.786
17.440,199.808,0.721
17.460,246.942,0.783
17.480,246.942,0.854
17.500,251.742,0.905
17.520,251.742,0.941
17.540,251.742,0.961
17.560,251.742,0.968
17.580,251.742,0.962
17.600,246.942,0.961
17.620,246.942,0.952
17.640,251.742,0.947
17.660,251.742,0.942
17.680,253.099,0.930
17.700,256.636,0.945
17.720,256.636,0.946
17.740,256.636,0.939
17.760,251.742,0.930
17.780,251.742,0.926
17.800,256.636,0.928
17.820,256.636,0.933
17.840,256.636,0.933
17.860,256.636,0.922
17.880,255.769,0.899
17.900,251.742,0.881
17.920,246.942,0.855
17.940,237.613,0.807
17.960,233.082,0.755
17.980,233.082,0.675
18.000,242.113,0.597
18.020,246.942,0.526
18.040,246.942,0.514
18.060,246.942,0.523
18.080,242.233,0.541
18.100,251.602,0.555
18.120,251.651,0.556
18.140,251.742,0.566
18.160,251.986,0.564
18.180,384.520,0.546
18.200,261.626,0.519
18.220,261.626,0.494
18.240,261.626,0.469
18.260,256.636,0.433
18.280,123.471,0.392
18.300,118.807,0.338
18.320,228.637,0.373
18.340,224.277,0.345
18.360,288.065,0.360
18.380,288.065,0.362
18.400,288.065,0.326
18.420,288.065,0.302
18.440,288.051,0.286
18.460,55.000,0.301
18.480,146.832,0.315
18.500,49.952,0.329
18.520,261.634,0.343
18.540,261.626,0.356
18.560,261.626,0.367
18.580,128.313,0.401
18.600,130.637,0.502
18.620,130.786,0.583
18.640,125.871,0.647
18.660,123.471,0.701
18.680,121.137,0.744
18.700,123.474,0.779
18.720,123.471,0.805
18.740,123.503,0.824
18.760,123.471,0.861
18.780,123.471,0.869
18.800,125.871,0.848
18.820,128.318,0.845
18.840,128.318,0.836
18.860,128.318,0.824
18.880,127.673,0.818
18.900,128.219,0.808
18.920,125.871,0.792
18.940,123.471,0.787
18.960,121.116,0.802
18.980,118.807,0.813
19.000,118.807,0.821
19.020,118.807,0.823
19.040,118.807,0.820
19.060,118.807,0.811
19.080,118.807,0.795
19.100,118.807,0.774
19.120,141.286,0.786
19.140,144.032,0.815
19.160,144.032,0.836
19.180,141.286,0.850
19.200,141.286,0.859
19.220,141.286,0.872
19.240,141.286,0.881
19.260,144.032,0.882
19.280,144.032,0.877
19.300,144.032,0.865
19.320,144.032,0.860
19.340,146.832,0.855
19.360,149.679,0.855
19.380,152.597,0.872
19.400,152.597,0.882
19.420,152.597,0.885
19.440,149.687,0.880
19.460,149.687,0.868
19.480,146.832,0.875
19.500,146.832,0.886
19.520,146.832,0.892
19.540,144.032,0.892
19.560,144.032,0.888
19.580,146.832,0.881
19.600,146.832,0.870
19.620,149.687,0.856
19.640,149.687,0.846
19.660,149.687,0.839
19.680,149.687,0.821
19.700,149.687,0.791
19.720,149.687,0.764
19.740,149.687,0.742
19.760,152.597,0.729
19.780,158.586,0.763
19.800,158.588,0.796
19.820,158.588,0.824
19.840,158.588,0.843
19.860,158.588,0.853
19.880,158.588,0.859
19.900,155.563,0.859
19.920,155.563,0.855
19.940,153.106,0.846
19.960,144.032,0.831
19.980,138.591,0.830
20.000,141.286,0.829
20.020,146.832,0.829
20.040,161.671,0.844
20.060,164.814,0.851
20.080,161.671,0.851
20.100,158.588,0.841
20.120,155.563,0.842
20.140,155.563,0.863
20.160,152.597,0.879
20.180,152.597,0.885
20.200,152.597,0.883
20.220,152.597,0.874
20.240,152.597,0.858
20.260,155.563,0.858
20.280,155.563,0.856
20.300,155.563,0.846
20.320,155.563,0.828
20.340,155.563,0.802
20.360,155.563,0.769
20.380,152.597,0.730
20.400,158.598,0.705
20.420,181.469,0.765
20.440,181.469,0.809
20.460,181.469,0.839
20.480,181.469,0.857
20.500,178.009,0.863
20.520,178.009,0.860
20.540,174.614,0.854
20.560,171.284,0.838
20.580,171.284,0.810
20.600,168.018,0.773
20.620,167.992,0.735
20.640,171.284,0.706
20.660,181.391,0.689
20.680,177.968,0.747
20.700,181.469,0.786
20.720,181.469,0.822
20.740,181.469,0.850
20.760,178.009,0.871
20.780,174.614,0.884
20.800,174.614,0.890
20.820,178.009,0.887
20.840,178.009,0.873
20.860,181.469,0.886
20.880,181.469,0.900
20.900,181.469,0.906
20.920,181.469,0.905
20.940,181.469,0.902
20.960,181.469,0.901
20.980,181.475,0.901
21.000,184.977,0.901
21.020,181.469,0.901
21.040,181.469,0.899
21.060,181.469,0.894
21.080,181.469,0.887
21.100,178.009,0.880
21.120,178.009,0.874
21.140,181.469,0.870
21.160,181.469,0.867
21.180,181.469,0.862
21.200,182.043,0.855
21.220,184.979,0.846
21.240,184.997,0.834
21.260,181.469,0.820
21.280,181.469,0.801
21.300,181.469,0.774
21.320,181.469,0.738
21.340,178.009,0.690
21.360,181.469,0.627
21.380,174.614,0.552
21.400,171.284,0.461
21.420,171.284,0.361
21.440,168.020,0.309
21.460,329.628,0.293
21.480,336.036,0.330
21.500,342.569,0.411
21.520,354.262,0.461
21.540,336.073,0.496
21.560,349.228,0.515
21.580,349.228,0.511
21.600,349.228,0.487
21.620,181.341,0.443
21.640,181.470,0.389
21.660,173.850,0.396
21.680,178.009,0.409
21.700,171.287,0.389
21.720,174.614,0.370
21.740,174.608,0.386
21.760,181.469,0.326
21.780,90.735,0.285
21.800,311.127,0.258
21.820,90.735,0.265
21.840,164.814,0.269
21.860,164.814,0.272
21.880,164.814,0.272
21.900,164.814,0.379
21.920,164.814,0.486
21.940,168.003,0.581
21.960,168.052,0.653
21.980,168.018,0.709
22.000,171.286,0.753
22.020,171.696,0.786
22.040,174.614,0.812
22.060,178.009,0.831
22.080,178.009,0.845
22.100,174.614,0.853
22.120,174.614,0.858
22.140,174.614,0.860
22.160,174.614,0.858
22.180,174.614,0.854
22.200,174.614,0.844
22.220,178.009,0.829
22.240,178.009,0.836
22.260,178.009,0.833
22.280,181.469,0.833
22.300,181.469,0.848
22.320,181.469,0.852
22.340,181.469,0.849
22.360,181.469,0.839
22.380,181.469,0.822
22.400,178.009,0.798
22.420,178.009,0.768
22.440,181.469,0.734
22.460,181.469,0.716
22.480,144.032,0.745
22.500,144.032,0.765
22.520,141.943,0.780
22.540,141.286,0.810
22.560,135.948,0.823
22.580,130.813,0.843
22.600,128.318,0.857
22.620,125.871,0.866
22.640,128.318,0.869
22.660,130.813,0.868
22.680,133.356,0.862
22.700,133.356,0.852
22.720,130.813,0.836
22.740,125.871,0.816
22.760,123.471,0.791
22.780,118.807,0.793
22.800,118.807,0.808
22.820,116.541,0.821
22.840,116.541,0.831
22.860,116.541,0.838
22.880,114.319,0.842
22.900,114.319,0.845
22.920,116.541,0.846
22.940,116.541,0.846
22.960,116.541,0.845
22.980,118.346,0.844
23.000,116.541,0.842
23.020,116.541,0.839
23.040,116.541,0.834
23.060,116.541,0.826
23.080,116.541,0.822
23.100,116.541,0.827
23.120,118.807,0.830
23.140,118.807,0.830
23.160,118.807,0.827
23.180,118.807,0.821
23.200,118.807,0.811
23.220,118.807,0.798
23.240,118.807,0.784
23.260,121.116,0.768
23.280,123.471,0.756
23.300,125.871,0.749
23.320,128.318,0.750
23.340,128.318,0.750
23.360,128.317,0.746
23.380,125.871,0.734
23.400,125.560,0.715
23.420,125.871,0.687
23.440,199.879,0.652
23.460,199.809,0.611
23.480,198.886,0.567
23.500,199.808,0.553
23.520,228.637,0.543
23.540,228.637,0.650
23.560,233.082,0.756
23.580,237.613,0.828
23.600,237.613,0.879
23.620,237.613,0.914
23.640,237.694,0.936
23.660,237.613,0.946
23.680,237.613,0.944
23.700,237.613,0.929
23.720,242.233,0.929
23.740,242.233,0.929
23.760,246.942,0.924
23.780,246.942,0.920
23.800,246.942,0.921
23.820,242.233,0.921
23.840,242.233,0.908
23.860,237.613,0.886
23.880,236.844,0.885
23.900,233.082,0.866
23.920,233.082,0.875
23.940,233.082,0.874
23.960,233.082,0.871
23.980,233.082,0.868
24.000,233.082,0.859
24.020,233.082,0.849
24.040,237.613,0.859
24.060,237.613,0.858
24.080,242.233,0.864
24.100,242.233,0.877
24.120,237.613,0.882
24.140,242.233,0.878
24.160,242.233,0.865
24.180,237.613,0.853
24.200,237.613,0.802
24.220,242.219,0.744
24.240,242.233,0.705
24.260,184.570,0.721
24.280,203.653,0.745
24.300,211.689,0.790
24.320,211.689,0.824
24.340,211.689,0.846
24.360,211.689,0.856
24.380,211.689,0.870
24.400,211.689,0.880
24.420,215.805,0.882
24.440,215.805,0.882
24.460,215.805,0.875
24.480,215.805,0.832
24.500,215.805,0.800
24.520,215.805,0.772
24.540,215.805,0.764
24.560,228.637,0.784
24.580,220.452,0.863
24.600,220.000,0.906
24.620,215.805,0.898
24.640,211.689,0.866
24.660,211.689,0.860
24.680,211.689,0.859
24.700,211.689,0.854
24.720,215.805,0.857
24.740,215.805,0.866
24.760,215.805,0.873
24.780,215.805,0.877
24.800,215.805,0.886
24.820,215.805,0.880
24.840,215.805,0.880
24.860,215.805,0.880
24.880,215.805,0.882
24.900,215.805,0.885
24.920,215.805,0.889
24.940,215.805,0.891
24.960,215.805,0.891
24.980,215.805,0.881
25.000,215.805,0.880
25.020,220.000,0.881
25.040,220.000,0.871
25.060,220.000,0.851
25.080,215.805,0.819
25.100,207.753,0.790
25.120,207.652,0.742
25.140,211.683,0.715
25.160,220.000,0.699
25.180,220.008,0.684
25.200,216.952,0.666
25.220,215.809,0.658
25.240,215.805,0.636
25.260,222.164,0.595
25.280,220.002,0.596
25.300,224.277,0.595
25.320,46.249,0.595
25.340,46.249,0.591
25.360,44.865,0.584
25.380,45.311,0.574
25.400,44.502,0.561
25.420,431.609,0.544
25.440,440.000,0.523
25.460,440.000,0.499
25.480,440.000,0.507
25.500,440.000,0.493
25.520,448.554,0.479
25.540,440.108,0.464
25.560,440.000,0.440
25.580,448.345,0.418
25.600,146.832,0.414
25.620,146.832,0.411
25.640,146.832,0.409
25.660,135.948,0.407
25.680,135.948,0.405
25.700,133.377,0.404
25.720,215.805,0.404
25.740,233.082,0.492
25.760,237.613,0.627
25.780,237.613,0.722
25.800,242.134,0.795
25.820,246.942,0.847
25.840,251.742,0.890
25.860,256.636,0.932
25.880,251.742,0.971
25.900,251.742,1.000
25.920,251.742,0.988
25.940,251.742,0.927
25.960,251.742,0.814
25.980,251.742,0.757
26.000,251.742,0.726
26.020,246.942,0.755
26.040,246.942,0.840
26.060,246.942,0.935
26.080,242.233,0.948
26.100,242.233,0.948
26.120,242.233,0.919
26.140,242.233,0.888
26.160,242.233,0.877
26.180,242.233,0.862
26.200,237.613,0.838
26.220,233.082,0.859
26.240,224.277,0.885
26.260,219.986,0.915
26.280,215.805,0.934
26.300,211.689,0.942
26.320,215.805,0.940
26.340,211.689,0.932
26.360,215.780,0.924
26.380,215.805,0.906
26.400,215.805,0.879
26.420,215.805,0.843
26.440,215.828,0.803
26.460,237.634,0.773
26.480,224.278,0.788
26.500,220.000,0.838
26.520,220.000,0.865
26.540,215.805,0.855
26.560,211.689,0.829
26.580,203.722,0.808
26.600,195.998,0.795
26.620,199.808,0.804
26.640,149.724,0.824
26.660,146.832,0.843
26.680,144.032,0.856
26.700,144.025,0.862
26.720,141.286,0.863
26.740,141.286,0.859
26.760,144.032,0.851
26.780,144.032,0.846
26.800,144.032,0.827
26.820,144.032,0.805
26.840,144.032,0.777
26.860,144.035,0.743
26.880,146.832,0.704
26.900,178.009,0.751
26.920,181.469,0.789
26.940,181.469,0.818
26.960,178.009,0.840
26.980,178.009,0.853
27.000,178.009,0.859
27.020,181.466,0.856
27.040,181.469,0.847
27.060,181.469,0.831
27.080,178.009,0.811
27.100,178.009,0.776
27.120,178.009,0.735
27.140,224.267,0.736
27.160,224.277,0.827
27.180,224.277,0.921
27.200,224.277,0.953
27.220,220.000,0.968
27.240,220.000,0.967
27.260,220.000,0.943
27.280,215.805,0.950
27.300,215.805,0.944
27.320,215.805,0.915
27.340,220.000,0.927
27.360,224.277,0.928
27.380,224.277,0.937
27.400,220.000,0.925
27.420,220.000,0.943
27.440,220.000,0.935
27.460,215.805,0.923
27.480,215.805,0.927
27.500,215.805,0.925
27.520,220.000,0.927
27.540,220.000,0.936
27.560,220.000,0.934
27.580,220.000,0.924
27.600,220.000,0.912
27.620,220.000,0.900
27.640,220.000,0.891
27.660,220.000,0.876
27.680,220.000,0.840
27.700,220.000,0.809
27.720,220.000,0.787
27.740,220.000,0.777
27.760,216.572,0.822
27.780,215.805,0.861
27.800,215.805,0.865
27.820,220.000,0.850
27.840,224.277,0.836
27.860,224.454,0.810
27.880,220.000,0.801
27.900,220.094,0.815
27.920,224.277,0.823
27.940,220.000,0.823
27.960,215.805,0.811
27.980,215.805,0.787
28.000,217.648,0.757
28.020,215.805,0.739
28.040,219.928,0.763
28.060,220.000,0.755
28.080,220.000,0.724
28.100,218.967,0.712
28.120,220.000,0.704
28.140,220.000,0.663
28.160,220.000,0.662
28.180,220.000,0.658
28.200,219.999,0.647
28.220,216.318,0.627
28.240,220.000,0.671
28.260,220.000,0.709
28.280,220.000,0.708
28.300,220.000,0.656
28.320,220.000,0.625
28.340,220.000,0.610
28.360,220.000,0.639
28.380,220.000,0.640
28.400,220.000,0.626
28.420,220.000,0.576
28.440,220.000,0.564
28.460,220.000,0.557
28.480,220.000,0.545
28.500,220.000,0.529
28.520,215.805,0.514
28.540,215.805,0.505
28.560,215.805,0.506
28.580,220.000,0.514
28.600,220.000,0.523
28.620,220.000,0.529
28.640,220.000,0.527
28.660,220.000,0.551
28.680,220.000,0.580
28.700,220.000,0.601
28.720,215.805,0.608
28.740,215.805,0.601
28.760,207.958,0.596
28.780,215.804,0.575
28.800,211.258,0.534
28.820,224.277,0.475
28.840,224.277,0.391
28.860,220.000,0.399
28.880,220.000,0.359
28.900,220.000,0.347
28.920,215.804,0.332
28.940,220.000,0.312
28.960,220.000,0.289
28.980,220.000,0.284
29.000,220.000,0.356
29.020,220.000,0.282
29.040,215.805,0.281
29.060,53.951,0.281
29.080,215.805,0.280
29.100,220.000,0.280
29.120,220.000,0.279
29.140,215.805,0.279
29.160,218.100,0.279
29.180,215.799,0.279
29.200,219.996,0.278
29.220,215.805,0.278
29.240,215.805,0.297
29.260,220.000,0.297
29.280,219.956,0.275
29.300,237.613,0.274
29.320,237.703,0.272
29.340,224.277,0.270
29.360,220.000,0.267
29.380,138.591,0.264
29.400,138.820,0.261
29.420,49.005,0.258
29.440,50.922,0.255
29.460,50.923,0.252
29.480,237.613,0.249
29.500,246.941,0.245
29.520,233.082,0.242
29.540,228.836,0.239
29.560,94.114,0.238
29.580,207.652,0.237
29.600,211.689,0.247
29.620,207.653,0.298
29.640,423.379,0.290
29.660,207.652,0.235
29.680,100.426,0.235
29.700,49.952,0.237
29.720,49.952,0.239
29.740,271.897,0.243
29.760,271.897,0.251
29.780,90.735,0.259
29.800,50.923,0.266
29.820,49.952,0.272
29.840,49.958,0.278
29.860,56.069,0.282
29.880,55.192,0.286
29.900,56.207,0.289
29.920,56.061,0.291
29.940,56.068,0.307
29.960,112.138,0.317
29.980,56.069,0.312
30.000,233.082,0.306
30.020,110.000,0.293
30.040,110.000,0.291
30.060,110.000,0.288
30.080,114.318,0.284
30.100,58.269,0.279
30.120,57.159,0.274
30.140,56.069,0.268
30.160,55.000,0.261
30.180,55.000,0.252
30.200,55.000,0.243
30.220,256.636,0.233
30.240,251.735,0.223
30.260,251.742,0.220
30.280,251.784,0.216
30.300,242.233,0.212
30.320,60.558,0.209
30.340,266.708,0.206
30.360,125.871,0.201
30.380,251.742,0.193
30.400,123.471,0.189
30.420,121.116,0.184
30.440,112.138,0.180
30.460,110.393,0.176
30.480,55.000,0.173
30.500,110.000,0.171
30.520,110.000,0.168
30.540,112.138,0.176
30.560,56.069,0.187
30.580,59.403,0.196
30.600,55.000,0.204
30.620,277.183,0.211
30.640,107.902,0.216
30.660,112.138,0.220
30.680,49.952,0.223
30.700,54.999,0.225
30.720,50.923,0.227
30.740,164.881,0.227
30.760,56.069,0.226
30.780,56.069,0.224
30.800,56.069,0.222
30.820,56.069,0.218
30.840,55.000,0.213
30.860,58.270,0.207
30.880,53.950,0.199
30.900,53.951,0.203
30.920,53.951,0.211
30.940,242.233,0.219
30.960,237.613,0.226
30.980,248.644,0.249
31.000,239.415,0.292
31.020,228.637,0.318
31.040,228.637,0.430
31.060,228.637,0.425
31.080,228.618,0.324
31.100,224.277,0.262
31.120,224.278,0.265
31.140,55.000,0.268
31.160,48.999,0.270
31.180,242.233,0.272
31.200,242.233,0.274
31.220,242.233,0.275
31.240,246.942,0.276
31.260,48.065,0.276
31.280,48.065,0.276
31.300,266.713,0.276
31.320,251.742,0.275
31.340,256.636,0.274
31.360,252.191,0.274
31.380,266.717,0.273
31.400,277.182,0.272
31.420,271.897,0.270
31.440,277.183,0.268
31.460,92.499,0.265
31.480,90.777,0.262
31.500,92.499,0.259
31.520,92.499,0.257
31.540,92.499,0.254
31.560,92.499,0.252
31.580,38.150,0.250
31.600,38.149,0.249
31.620,38.149,0.248
31.640,38.149,0.247
31.660,37.422,0.246
31.680,37.422,0.246
31.700,94.306,0.246
31.720,110.000,0.247
31.740,56.069,0.247
31.760,58.270,0.248
31.780,272.687,0.248
31.800,59.403,0.249
31.820,89.668,0.250
31.840,92.499,0.250
31.860,92.499,0.250
31.880,277.183,0.250
31.900,92.499,0.249
31.920,92.499,0.248
31.940,92.499,0.246
31.960,277.183,0.305
31.980,415.305,0.446
32.000,407.385,0.445
32.020,391.995,0.363
32.040,399.592,0.334
32.060,384.520,0.307
32.080,712.102,0.264
32.100,53.951,0.217
32.120,92.499,0.193
32.140,92.499,0.198
32.160,92.499,0.201
32.180,94.297,0.202
